﻿pos_x,pos_y,rotation,side,designator,mpn,pack,value,mount_type,place
85.5,-127.75,0.0,bottom,C1,,C_0603_1608Metric,0u1,smt,True
83.0,-141.0,180.0,bottom,C2,,R_0805_2012Metric,10u,smt,True
83.0,-147.0,180.0,bottom,C3,,R_0805_2012Metric,10u,smt,True
85.5,-126.25,180.0,bottom,C4,,C_0603_1608Metric,1u,smt,True
136.0,-114.75,180.0,bottom,C5,,C_0603_1608Metric,0u1,smt,True
136.0,-137.25,180.0,bottom,C6,,C_0603_1608Metric,0u1,smt,True
136.0,-113.25,180.0,bottom,C7,,C_0603_1608Metric,1u,smt,True
136.0,-138.75,180.0,bottom,C8,,C_0603_1608Metric,1u,smt,True
121.5,-136.7375,90.0,bottom,D1,,LED_0805_2012Metric,STAT,smt,True
170.0,-92.0,180.0,bottom,D10,,D_0805_2012Metric,LED,smt,True
190.0,-94.0,180.0,bottom,D11,,D_0805_2012Metric,LED,smt,True
210.0,-92.0,180.0,bottom,D12,,D_0805_2012Metric,LED,smt,True
230.0625,-92.0,180.0,bottom,D13,,D_0805_2012Metric,LED,smt,True
250.0,-92.0,180.0,bottom,D14,,D_0805_2012Metric,LED,smt,True
270.0,-92.0,180.0,bottom,D15,,D_0805_2012Metric,LED,smt,True
289.0,-92.0,180.0,bottom,D16,,D_0805_2012Metric,LED,smt,True
310.0,-92.0,180.0,bottom,D17,,D_0805_2012Metric,LED,smt,True
328.5,-92.0,180.0,bottom,D18,,D_0805_2012Metric,LED,smt,True
339.0,-92.5,90.0,bottom,D19,,D_0805_2012Metric,LED,smt,True
119.25,-136.7375,90.0,bottom,D2,,LED_0805_2012Metric,STAT,smt,True
343.0,-105.0,90.0,bottom,D20,,D_0805_2012Metric,LED,smt,True
347.0,-122.0,90.0,bottom,D21,,D_0805_2012Metric,LED,smt,True
350.0,-139.0,-90.0,bottom,D22,,D_0805_2012Metric,LED,smt,True
350.0,-152.0,180.0,bottom,D23,,D_0805_2012Metric,LED,smt,True
330.0,-152.0,180.0,bottom,D24,,D_0805_2012Metric,LED,smt,True
310.0,-143.0,180.0,bottom,D25,,D_0805_2012Metric,LED,smt,True
290.0,-152.0,180.0,bottom,D26,,D_0805_2012Metric,LED,smt,True
270.0,-152.0,180.0,bottom,D27,,D_0805_2012Metric,LED,smt,True
250.0,-152.0,180.0,bottom,D28,,D_0805_2012Metric,LED,smt,True
230.0,-152.0,180.0,bottom,D29,,D_0805_2012Metric,LED,smt,True
117.0,-136.7375,90.0,bottom,D3,,LED_0805_2012Metric,STAT,smt,True
210.0,-142.0,180.0,bottom,D30,,D_0805_2012Metric,LED,smt,True
190.0,-143.0,180.0,bottom,D31,,D_0805_2012Metric,LED,smt,True
170.0,-152.0,180.0,bottom,D32,,D_0805_2012Metric,LED,smt,True
150.0,-152.0,180.0,bottom,D33,,D_0805_2012Metric,LED,smt,True
130.0,-152.0,180.0,bottom,D34,,D_0805_2012Metric,LED,smt,True
110.0,-152.0,180.0,bottom,D35,,D_0805_2012Metric,LED,smt,True
87.0,-153.5,180.0,bottom,D36,,D_0805_2012Metric,LED,smt,True
66.0,-151.5,180.0,bottom,D37,,D_0805_2012Metric,LED,smt,True
68.5,-131.5,180.0,bottom,D38,,D_0805_2012Metric,LED,smt,True
74.0,-119.5,90.0,bottom,D39,,D_0805_2012Metric,LED,smt,True
69.242643,-111.594445,-105.0,bottom,D4,,D_0805_2012Metric,LED,smt,True
73.0,-95.0,90.0,bottom,D40,,D_1206_3216Metric,LED,smt,True
83.0,-92.0,180.0,bottom,D41,,D_1206_3216Metric,LED,smt,True
100.0,-92.0,180.0,bottom,D42,,D_1206_3216Metric,LED,smt,True
120.0,-92.0,180.0,bottom,D43,,D_1206_3216Metric,LED,smt,True
140.0,-92.0,180.0,bottom,D44,,D_1206_3216Metric,LED,smt,True
160.0,-92.0,180.0,bottom,D45,,D_1206_3216Metric,LED,smt,True
180.0,-92.0,180.0,bottom,D46,,D_1206_3216Metric,LED,smt,True
201.0,-92.0,180.0,bottom,D47,,D_1206_3216Metric,LED,smt,True
220.0,-92.0,180.0,bottom,D48,,D_1206_3216Metric,LED,smt,True
240.0,-92.0,180.0,bottom,D49,,D_1206_3216Metric,LED,smt,True
76.9375,-92.0,180.0,bottom,D5,,D_0805_2012Metric,LED,smt,True
260.0,-92.0,180.0,bottom,D50,,D_1206_3216Metric,LED,smt,True
280.0,-92.0,180.0,bottom,D51,,D_1206_3216Metric,LED,smt,True
300.0,-92.0,180.0,bottom,D52,,D_1206_3216Metric,LED,smt,True
321.4,-92.0,180.0,bottom,D53,,D_1206_3216Metric,LED,smt,True
335.0,-92.0,180.0,bottom,D54,,D_1206_3216Metric,LED,smt,True
341.5,-97.0,90.0,bottom,D55,,D_1206_3216Metric,LED,smt,True
345.0,-113.5,90.0,bottom,D56,,D_1206_3216Metric,LED,smt,True
348.5,-130.0,-90.0,bottom,D57,,D_1206_3216Metric,LED,smt,True
351.0,-147.0,-90.0,bottom,D58,,D_1206_3216Metric,LED,smt,True
340.0,-152.0,180.0,bottom,D59,,D_1206_3216Metric,LED,smt,True
90.0,-92.0,180.0,bottom,D6,,D_0805_2012Metric,LED,smt,True
320.0,-143.0,180.0,bottom,D60,,D_1206_3216Metric,LED,smt,True
300.0,-148.0,180.0,bottom,D61,,D_1206_3216Metric,LED,smt,True
280.0,-152.0,180.0,bottom,D62,,D_1206_3216Metric,LED,smt,True
260.0,-152.0,180.0,bottom,D63,,D_1206_3216Metric,LED,smt,True
240.0,-152.0,180.0,bottom,D64,,D_1206_3216Metric,LED,smt,True
220.0,-152.0,180.0,bottom,D65,,D_1206_3216Metric,LED,smt,True
200.0,-142.0,180.0,bottom,D66,,D_1206_3216Metric,LED,smt,True
180.0,-148.0,180.0,bottom,D67,,D_1206_3216Metric,LED,smt,True
160.0,-152.0,180.0,bottom,D68,,D_1206_3216Metric,LED,smt,True
140.0,-152.0,180.0,bottom,D69,,D_1206_3216Metric,LED,smt,True
110.0,-92.0,180.0,bottom,D7,,D_0805_2012Metric,LED,smt,True
120.0,-152.0,180.0,bottom,D70,,D_1206_3216Metric,LED,smt,True
100.0,-152.0,180.0,bottom,D71,,D_1206_3216Metric,LED,smt,True
72.0,-152.0,180.0,bottom,D72,,D_1206_3216Metric,LED,smt,True
64.0,-147.0,-90.0,bottom,D73,,D_1206_3216Metric,LED,smt,True
65.5,-130.5,90.0,bottom,D74,,D_1206_3216Metric,LED,smt,True
68.5,-118.0,90.0,bottom,D75,,D_1206_3216Metric,LED,smt,True
130.0,-92.0,180.0,bottom,D8,,D_0805_2012Metric,LED,smt,True
150.0,-92.0,180.0,bottom,D9,,D_0805_2012Metric,LED,smt,True
72.0,-138.5,-90.0,bottom,J1,,Jack_3.5mm_CUI_SJ-3523-SMT_Horizontal,AudioJack3,smt,True
75.0,-124.5,-90.0,bottom,J2,,Jack_3.5mm_CUI_SJ-3523-SMT_Horizontal,AudioJack3,smt,True
207.0,-122.0,0.0,top,J3,,fill,BOARD,tht,False
83.0,-139.0,0.0,bottom,R1,,R_0603_1608Metric,51k,smt,True
136.0,-116.25,180.0,bottom,R10,,R_0603_1608Metric,100k,smt,True
136.0,-111.75,180.0,bottom,R11,,R_0603_1608Metric,5k8,smt,True
136.0,-140.25,180.0,bottom,R12,,R_0603_1608Metric,100k,smt,True
136.0,-135.75,180.0,bottom,R13,,R_0603_1608Metric,5k8,smt,True
83.0,-143.0,180.0,bottom,R2,,R_0603_1608Metric,51k,smt,True
83.0,-149.0,0.0,bottom,R3,,R_0603_1608Metric,51k,smt,True
83.0,-145.0,180.0,bottom,R4,,R_0603_1608Metric,51k,smt,True
85.5,-123.25,180.0,bottom,R5,,R_0603_1608Metric,5k1,smt,True
85.5,-124.75,180.0,bottom,R6,,R_0603_1608Metric,5k1,smt,True
121.5,-140.175,-90.0,bottom,R7,,R_0603_1608Metric,130,smt,True
119.25,-140.175,-90.0,bottom,R8,,R_0603_1608Metric,130,smt,True
117.0,-140.175,-90.0,bottom,R9,,R_0603_1608Metric,130,smt,True
113.0,-137.0,-90.0,bottom,SW1,,SW_SPST_CK_RS282G05A3,PTS636,smt,True
108.0,-137.0,-90.0,bottom,SW2,,SW_SPST_CK_RS282G05A3,PTS636,smt,True
103.0,-137.0,-90.0,bottom,SW3,,SW_SPST_CK_RS282G05A3,PTS636,smt,True
84.88,-132.3875,-90.0,bottom,U1,,DFN-10-1EP_3x3mm_P0.5mm_EP1.55x2.48mm,CAP1206-x-AIA,smt,True
97.5,-111.0,-105.0,bottom,U2,,RPi_Pico_SMD,Pico,tht,True
143.795,-112.75,-90.0,bottom,U3,,TQFP-48-1EP_7x7mm_P0.5mm_EP4.11x4.11mm,IS31FL3236-TQ,smt,True
143.795,-136.955,-90.0,bottom,U4,,TQFP-48-1EP_7x7mm_P0.5mm_EP4.11x4.11mm,IS31FL3236-TQ,smt,True
