﻿designator,quantity,value,pack,mpn,mount_type
"C1, C5, C6",3,0u1,C_0603_1608Metric,,smt
"C2, C3",2,10u,R_0805_2012Metric,,smt
"C4, C7, C8",3,1u,C_0603_1608Metric,,smt
"D1, D2, D3",3,STAT,LED_0805_2012Metric,,smt
"D10, D11, D12, D13, D14, D15, D16, D17, D18, D19, D20, D21, D22, D23, D24, D25, D26, D27, D28, D29, D30, D31, D32, D33, D34, D35, D36, D37, D38, D39, D4, D5, D6, D7, D8, D9",36,LED,D_0805_2012Metric,,smt
"D40, D41, D42, D43, D44, D45, D46, D47, D48, D49, D50, D51, D52, D53, D54, D55, D56, D57, D58, D59, D60, D61, D62, D63, D64, D65, D66, D67, D68, D69, D70, D71, D72, D73, D74, D75",36,LED,D_1206_3216Metric,,smt
"J1, J2",2,AudioJack3,Jack_3.5mm_CUI_SJ-3523-SMT_Horizontal,,smt
J3,1,BOARD,fill,,tht
"R1, R2, R3, R4",4,51k,R_0603_1608Metric,,smt
"R10, R12",2,100k,R_0603_1608Metric,,smt
"R11, R13",2,5k8,R_0603_1608Metric,,smt
"R5, R6",2,5k1,R_0603_1608Metric,,smt
"R7, R8, R9",3,130,R_0603_1608Metric,,smt
"SW1, SW2, SW3",3,PTS636,SW_SPST_CK_RS282G05A3,,smt
U1,1,CAP1206-x-AIA,DFN-10-1EP_3x3mm_P0.5mm_EP1.55x2.48mm,,smt
U2,1,Pico,RPi_Pico_SMD,,tht
"U3, U4",2,IS31FL3236-TQ,TQFP-48-1EP_7x7mm_P0.5mm_EP4.11x4.11mm,,smt
